client_id,client_name,city,country
1,EMERGE ENERGY SERVICES LP,XIAOXI,CHINA
2,"WELBILT, INC.",DOLOGON,PHILIPPINES
3,"HIMAX TECHNOLOGIES, INC.",ZAJEčAR,SERBIA
4,SABAN CAPITAL ACQUISITION CORP.,TONGREN,CHINA
5,"NATIONAL GRID TRANSCO, PLC",PLATIčEVO,SERBIA
6,"ICC HOLDINGS, INC.",JINZE,CHINA
7,THE EXONE COMPANY,CIMANGGU,INDONESIA
8,"INDUSTRIAS BACHOCO, S.A. DE C.V.",ISHIOKA,JAPAN
9,POWERSHARES S&P SMALLCAP UTILITIES PORTFOLIO,SAINT-PRIEST,FRANCE
10,UNITED THERAPEUTICS CORPORATION,SøRVáGUR,FAROE ISLANDS
11,"MEDNAX, INC",KELUNGKUNG,INDONESIA
12,AMPLIFY ONLINE RETAIL ETF,PINGSHUI,CHINA
13,MALLINCKRODT PLC,YUG,RUSSIA
14,HORMEL FOODS CORPORATION,STETSEVA,UKRAINE
15,"INNOVATIVE INDUSTRIAL PROPERTIES, INC.",CESTAS,FRANCE
16,"BIOCEPT, INC.",SAMRAN,THAILAND
17,MONSTER BEVERAGE CORPORATION,CIPARI,INDONESIA
18,AMERICAN STATES WATER COMPANY,UCLUELET,CANADA
19,NUVEEN FLOATING RATE INCOME FUND,TAYTAYAN,PHILIPPINES
20,"MAXLINEAR, INC",CABEçUDOS,PORTUGAL
21,"BLACKROCK MUNIYIELD QUALITY FUND II, INC.",SANTA LUCíA COTZUMALGUAPA,GUATEMALA
22,"CAMBIUM LEARNING GROUP, INC.",MEKKAW,NIGERIA
23,"PNM RESOURCES, INC. (HOLDING CO.)",ZA‘TARAH,PALESTINIAN TERRITORY
24,AU OPTRONICS CORP,KOSHIGAYA,JAPAN
25,3D SYSTEMS CORPORATION,MORRO AGUDO,BRAZIL
26,"ENLINK MIDSTREAM, LLC",HANINGE,SWEDEN
27,"COLUMBIA PROPERTY TRUST, INC.",BAGANGA,PHILIPPINES
28,"AETHLON MEDICAL, INC.",CHIARA,PERU
29,CSI COMPRESSCO LP,ZLATNI PYASATSI,BULGARIA
30,"AMTRUST FINANCIAL SERVICES, INC.",JINSHA,CHINA
31,ASSOCIATED BANC-CORP,BOURGES,FRANCE
32,PEAPACK-GLADSTONE FINANCIAL CORPORATION,ASEMPAPAK,INDONESIA
33,"VERSARTIS, INC.",LUTUTóW,POLAND
34,J P MORGAN CHASE & CO,KIAMBA,PHILIPPINES
35,UNIVERSAL INSURANCE HOLDINGS INC,SAN SEBASTIAN,MEXICO
36,GEOPARK LTD,VIKBOLANDET,SWEDEN
37,CALAMOS STRATEGIC TOTAL RETURN FUND,OLIVEIRA DE BAIXO,PORTUGAL
38,FIRST BANK,DRAYTON VALLEY,CANADA
39,"SYPRIS SOLUTIONS, INC.",STARAYA RUSSA,RUSSIA
40,M B T FINANCIAL CORP,KARENGAN,INDONESIA
41,VELOCITYSHARES 3X LONG SILVER ETN,CHIMICHAGUA,COLOMBIA
42,CORVEL CORP.,BUDAPEST,HUNGARY
43,ASBURY AUTOMOTIVE GROUP INC,DE LA PAZ,PHILIPPINES
44,PJT PARTNERS INC.,BOGORIA,POLAND
45,"STRATA SKIN SCIENCES, INC.",BāSHT,IRAN
46,"RINGCENTRAL, INC.",NANGALIMANG,INDONESIA
47,CERUS CORPORATION,KOBA,INDONESIA
48,SANDRIDGE PERMIAN TRUST,KøBENHAVN,DENMARK
49,"TERADYNE, INC.",AYABE,JAPAN
50,MALLINCKRODT PLC,ŁYSOMICE,POLAND
51,"SURGERY PARTNERS, INC.",ISNIQ,KOSOVO
52,FIRST TRUST SMALL CAP CORE ALPHADEX FUND,JIULI,CHINA
53,OXFORD LANE CAPITAL CORP.,SHANGJIE,CHINA
54,CIVEO CORPORATION,TOKāR,SUDAN
55,SPHERE 3D CORP.,SAN BERNARDO,PHILIPPINES
56,"RCM TECHNOLOGIES, INC.",SHAH ALAM,MALAYSIA
57,"RELIV&#39; INTERNATIONAL, INC.",JINHE,CHINA
58,"SCANSOURCE, INC.",TIESHAN,CHINA
59,QUALCOMM INCORPORATED,SAGARA,JAPAN
60,KAYNE ANDERSON MLP INVESTMENT COMPANY,FATUHILIK,INDONESIA
61,BARCLAYS PLC,KHUDāYDāD KHēL,AFGHANISTAN
62,"STEVEN MADDEN, LTD.",ZHANGZHU,CHINA
63,CAMDEN PROPERTY TRUST,PARIS 15,FRANCE
64,"STANLEY BLACK & DECKER, INC.",JABAL OS SARAJ,AFGHANISTAN
65,"SAFETY INSURANCE GROUP, INC.",POCORA,COSTA RICA
66,JM GLOBAL HOLDING COMPANY,QUậN TâN PHÚ,VIETNAM
67,VALIDEA MARKET LEGENDS ETF,YUTAN,CHINA
68,UNIVERSAL TECHNICAL INSTITUTE INC,BORåS,SWEDEN
69,BB&T CORPORATION,JIANGHONG,CHINA
70,"VAIL RESORTS, INC.",CHOUJIANG,CHINA
71,WESTROCK COMPANY,KUNGSBACKA,SWEDEN
72,CARVANA CO.,LIMEIL-BRéVANNES,FRANCE
73,"CUSTOMERS BANCORP, INC",DAMMARIE-LES-LYS,FRANCE
74,LEGG MASON DEVELOPED EX-US DIVERSIFIED CORE ETF,ZHONGSHANGANG,CHINA
75,"PTC THERAPEUTICS, INC.",RECONQUISTA,ARGENTINA
76,"DESWELL INDUSTRIES, INC.",ALTO RíO SENGUER,ARGENTINA
77,SCORPIO TANKERS INC.,KEBONAGUNG,INDONESIA
78,FIRST TRUST LARGE CAP GROWTH ALPHADEX FUND,YANCHENG,CHINA
79,"MOTA GROUP, INC.",GANHE,CHINA
80,BLACKROCK INCOME INVESTMENT QUALITY TRUST,KUMAMOTO,JAPAN
81,"APTARGROUP, INC.",SANDEFJORD,NORWAY
82,"MODEL N, INC.",LIUPAI,CHINA
83,"THE CHEFS&#39; WAREHOUSE, INC.",VENDA NOVA,PORTUGAL
84,"MANNATECH, INCORPORATED",SHUANGQIAO,CHINA
85,"FRONTEO, INC.",CISEDA,INDONESIA
86,PROSPECT CAPITAL CORPORATION,HUMEN,CHINA
87,"KELLY SERVICES, INC.",PINGSHI,CHINA
88,MONSTER BEVERAGE CORPORATION,SANTA VENERA,MALTA
89,DYNAGAS LNG PARTNERS LP,STOROZHEVAYA,RUSSIA
90,LEGACY RESERVES LP,SORIANO,URUGUAY
91,CORESITE REALTY CORPORATION,WOLONGQUAN,CHINA
92,PRINCIPAL PRICE SETTERS INDEX ETF,DOLOGON,PHILIPPINES
93,"INSTRUCTURE, INC.",DONGHOUFANG,CHINA
94,"LIVE NATION ENTERTAINMENT, INC.",KOMENDANTSKY AERODROM,RUSSIA
95,CITIGROUP INC.,KUMBERG,AUSTRIA
96,VELOCITYSHARES 3X INVERSE GOLD ETN,OROCUINA,HONDURAS
97,VICTORYSHARES US DISCOVERY ENHANCED VOLATILITY WTD ETF,JIANRAO,CHINA
98,DAVITA INC.,TATOU,CHINA
99,PIONEER FLOATING RATE TRUST,MAINTIRANO,MADAGASCAR
100,CENTRAL GARDEN & PET COMPANY,ROSSOSH’,RUSSIA
101,CONSTELLATION BRANDS INC,EL CONGO,EL SALVADOR
102,"CARROLS RESTAURANT GROUP, INC.",XIACHU,CHINA
103,ZIONS BANCORPORATION,KHILIOMóDHI,GREECE
104,MEDLEY MANAGEMENT INC.,BAOLIN,CHINA
105,COUNTRYWIDE FINANCIAL CORPORATION,ATOK,PHILIPPINES
106,"AMBAC FINANCIAL GROUP, INC.",KAZANSKOYE,RUSSIA
107,"LUXOTTICA GROUP, S.P.A.",YONGHE,CHINA
108,"TRUETT-HURST, INC.",QUTQASHEN,AZERBAIJAN
109,FEDERAL AGRICULTURAL MORTGAGE CORPORATION,BANYUURIP,INDONESIA
110,"M I ACQUISITIONS, INC.",DMYTRIVKA,UKRAINE
111,PENN VIRGINIA CORPORATION,MOUQUIM,PORTUGAL
112,"NIVALIS THERAPEUTICS, INC.",ROKITNO,POLAND
113,VOYA INTERNATIONAL HIGH DIVIDEND EQUITY INCOME FUND,MONTE APRAZíVEL,BRAZIL
114,LA JOLLA PHARMACEUTICAL COMPANY,XINSHI,CHINA
115,"MAXPOINT INTERACTIVE, INC.",CHOLARGóS,GREECE
116,NAVIENT CORPORATION,XINZHOU,CHINA
117,ZIOPHARM ONCOLOGY INC,MEMóRIA,PORTUGAL
118,"CONIFER HOLDINGS, INC.",EL TAMBO,COLOMBIA
119,POWERSHARES HIGH YIELD EQUITY DIVIDEND ACHIEVERS PORTFOLIO,CLAYE-SOUILLY,FRANCE
120,"ANTHEM, INC.",PADRE BURGOS,PHILIPPINES
121,TPG PACE ENERGY HOLDINGS CORP.,ALTENBERG BEI LINZ,AUSTRIA
122,INVACARE CORPORATION,AYOTUPAS,INDONESIA
123,"ARDELYX, INC.",HUANGZHU,CHINA
124,"TELEPHONE AND DATA SYSTEMS, INC.",ARCOS,BRAZIL
125,TICC CAPITAL CORP.,GENERAL ALVEAR,ARGENTINA
126,ALLEGION PLC,KAMNICA,SLOVENIA
127,"NIVALIS THERAPEUTICS, INC.",POá,BRAZIL
128,CAMECO CORPORATION,TRąBKI WIELKIE,POLAND
129,EDWARDS LIFESCIENCES CORPORATION,PIEDRA BLANCA,DOMINICAN REPUBLIC
130,"MAIDEN HOLDINGS, LTD.",KADUDAMPIT,INDONESIA
131,HONEYWELL INTERNATIONAL INC.,KAJAN,ALBANIA
132,"TPG SPECIALTY LENDING, INC.",TEMUJI,INDONESIA
133,"UNITED CONTINENTAL HOLDINGS, INC.",MIANDUHE,CHINA
134,BRASILAGRO CIA BRASILEIRA DE PROPRIEDADES AGRICOLAS,NOVYY NEKOUZ,RUSSIA
135,"ZOGENIX, INC.",THị TRấN BắC YêN,VIETNAM
136,TRIANGLE CAPITAL CORPORATION,FONADHOO,MALDIVES
137,COMMUNITY WEST BANCSHARES,XITING,CHINA
138,"COLLECTORS UNIVERSE, INC.",RYCHVALD,CZECH REPUBLIC
139,FIRST TRUST NASDAQ RETAIL ETF,LAGOAçA,PORTUGAL
140,"FIRST CONNECTICUT BANCORP, INC.",BAOHE,CHINA
141,"GRUPO AEROPORTUARIO DEL PACIFICO, S.A. DE C.V.",DENGNAN,CHINA
142,TENET HEALTHCARE CORPORATION,TROGAN BARAT,INDONESIA
143,LEGG MASON GLOBAL INFRASTRUCTURE ETF,POLO,INDONESIA
144,"MOTOROLA SOLUTIONS, INC.",KABONGAN KIDUL,INDONESIA
145,"PDF SOLUTIONS, INC.",KAFR AZ ZAYYāT,EGYPT
146,PCSB FINANCIAL CORPORATION,NOVOYE LEUSHINO,RUSSIA
147,SUNCOR ENERGY  INC.,MINGSHUIHE,CHINA
148,CREDIT SUISSE AG,PEDARINGAN,INDONESIA
149,CORNING INCORPORATED,NICASIO,PERU
150,FIRST HORIZON NATIONAL CORPORATION,LUCé,FRANCE
151,"FIRST BANCORP, INC (ME)",TUNGOR,RUSSIA
152,"MY SIZE, INC.",GUADALUPE VICTORIA,MEXICO
153,"EMPIRE RESORTS, INC.",WOLONG,CHINA
154,SPARTON CORPORATION,NANMU,CHINA
155,"GULF ISLAND FABRICATION, INC.",CIUDAD NUEVA,DOMINICAN REPUBLIC
156,CENTRAL GARDEN & PET COMPANY,CHAI BADAN,THAILAND
157,"SINOVAC BIOTECH, LTD.",MARINHAIS,PORTUGAL
158,FANG HOLDINGS LIMITED,MASARAN,INDONESIA
159,PROTHENA CORPORATION PLC,GOPAAN,INDONESIA
160,LASALLE HOTEL PROPERTIES,MUFULIRA,ZAMBIA
161,"SPAR GROUP, INC.",PIMENTEL,PERU
162,CHINA XD PLASTICS COMPANY LIMITED,GANGGAWANG,INDONESIA
163,TRIMBLE INC.,NYURBA,RUSSIA
164,TRUSTCO BANK CORP NY,SZTUM,POLAND
165,"SCHWEITZER-MAUDUIT INTERNATIONAL, INC.",LA QUEBRADA,VENEZUELA
166,NAVIGATOR HOLDINGS LTD.,UBA,NIGERIA
167,LIBERTY GLOBAL PLC,SEMPU,INDONESIA
168,GREAT ELM CAPITAL CORP.,SHALIZHAI,CHINA
169,"ASTRONOVA, INC.",JIEPAI,CHINA
170,"ARC DOCUMENT SOLUTIONS, INC.",NOVYY SVIT,UKRAINE
171,"ALTIMMUNE, INC.",BUM BUM,VENEZUELA
172,SAP SE,KRZęCIN,POLAND
173,SHOPIFY INC.,KATIPUNAN,PHILIPPINES
174,"DELAWARE INVESTMENTS DIVIDEND & INCOME FUND, INC.",BISCUCUY,VENEZUELA
175,SYNALLOY CORPORATION,KEKERAN,INDONESIA
176,"NET ELEMENT, INC.",HAURPANGGUNG,INDONESIA
177,CIMAREX ENERGY CO,RYMANóW,POLAND
178,"PRESIDIO, INC.",OSLO,NORWAY
179,THE GDL FUND,MADALUM,PHILIPPINES
180,FIRST TRUST HIGH YIELD LONG/SHORT ETF,KAYIMA,SIERRA LEONE
181,"STRAYER EDUCATION, INC.",BAYOG,PHILIPPINES
182,MEDIWOUND LTD.,DALU,CHINA
183,SOUTHERN COMPANY (THE),SIHEYUAN,CHINA
184,"FRED&#39;S, INC.",HUANGTUKUANG,CHINA
185,POWERSHARES DWA TACTICAL MULTI-ASSET INCOME PORTFOLIO,OSLO,NORWAY
186,"LITHIA MOTORS, INC.",NAROK,KENYA
187,"ADVAXIS, INC.",HUANGYAN,CHINA
188,JOHNSON & JOHNSON,MANGHIT,UZBEKISTAN
189,"DR PEPPER SNAPPLE GROUP, INC",ZHENG’AN,CHINA
190,"NUVEEN NEW YORK MUNICIPAL VALUE FUND, INC.",MOIJABANA,BOTSWANA
191,"KMG CHEMICALS, INC.",NACKA,SWEDEN
192,"LENDINGTREE, INC.",LARKIRD,AFGHANISTAN
193,NATIONAL ENERGY SERVICES REUNITED CORP.,ŠTíTINA,CZECH REPUBLIC
194,CORVEL CORP.,LöKBATAN,AZERBAIJAN
195,TONIX PHARMACEUTICALS HOLDING CORP.,NUNLEU,INDONESIA
196,SENIOR HOUSING PROPERTIES TRUST,INNISFIL,CANADA
197,COLONIAL INTERMEDIATE HIGH INCOME FUND,WETZLAR,GERMANY
198,"COHEN & STEERS TOTAL RETURN REALTY FUND, INC.",AIX-EN-PROVENCE,FRANCE
199,ISHARES 0-5 YEAR INVESTMENT GRADE CORPORATE BOND ETF,SKOMLIN,POLAND
200,CHESAPEAKE UTILITIES CORPORATION,DUMALNEG,PHILIPPINES
201,PROGRESS SOFTWARE CORPORATION,JUEXI,CHINA
202,RADA ELECTRONIC INDUSTRIES LTD.,CACOCUM,CUBA
203,BLACKROCK FLOATING RATE INCOME STRATEGIES FUND INC,RABAK,SUDAN
204,"RAPID7, INC.",LAS MINAS,PANAMA
205,"CITIZENS FINANCIAL GROUP, INC.",AGBANI,NIGERIA
206,"CAPRICOR THERAPEUTICS, INC.",WEWIT,INDONESIA
207,CONDUENT INCORPORATED,WANGYI ZHENDIAN,CHINA
208,"KALVISTA PHARMACEUTICALS, INC.",SHARAN,RUSSIA
209,NORTHWEST NATURAL GAS COMPANY,YUANJIAZHUANG,CHINA
210,"PARKERVISION, INC.",WENGYANG,CHINA
211,"M/I HOMES, INC.",ZOUéRAT,MAURITANIA
212,THE CHARLES SCHWAB CORPORATION,LAASCAANOOD,SOMALIA
213,SOUTH STATE CORPORATION,THị TRấN QUảNG UYêN,VIETNAM
214,"BOFI HOLDING, INC.",ZAHEDAN,IRAN
215,"METLIFE, INC.",BAVOROV,CZECH REPUBLIC
216,"BANCO SANTANDER, S.A.",POSTřEKOV,CZECH REPUBLIC
217,"HUDSON GLOBAL, INC.",LIDKöPING,SWEDEN
218,"TRANSCAT, INC.",BUS’K,UKRAINE
219,LIBERTY MEDIA CORPORATION,CARBAJALES,HONDURAS
220,KAYNE ANDERSON ACQUISITION CORP.,PEñA BLANCA,HONDURAS
221,FAIRMOUNT SANTROL HOLDINGS INC.,SEGORO,INDONESIA
222,JUPAI HOLDINGS LIMITED,TRAGANóN,GREECE
223,LINDBLAD EXPEDITIONS HOLDINGS INC. ,DASHI,CHINA
224,AVERY DENNISON CORPORATION,LUBUK SIKAPING,INDONESIA
225,HERSHA HOSPITALITY TRUST,OSLO,NORWAY
226,SANCHEZ ENERGY CORPORATION,ANAMBONGAN,PHILIPPINES
227,NOKIA CORPORATION,KUNóW,POLAND
228,SEASPAN CORPORATION,HUZHOU,CHINA
229,"MONOLITHIC POWER SYSTEMS, INC.",TAKAOKA,JAPAN
230,"DORCHESTER MINERALS, L.P.",KARANGTANJUNG,INDONESIA
231,"TALLGRASS ENERGY PARTNERS, LP",CANAVIEIRAS,BRAZIL
232,ATLANTIC POWER CORPORATION,MARNE-LA-VALLéE,FRANCE
233,"ADVANCED MICRO DEVICES, INC.",JERADA,MOROCCO
234,"URBAN OUTFITTERS, INC.",ABASHIRI,JAPAN
235,EQT CORPORATION,SAINT-PIERRE,REUNION
236,PACIFIC SPECIAL ACQUISITION CORP.,EL ARENAL,MEXICO
237,THE GABELLI HEALTHCARE & WELLNESS TRUST,GöTENE,SWEDEN
238,"KINSALE CAPITAL GROUP, INC.",LULEå,SWEDEN
239,"NORDSTROM, INC.",NANKOU,CHINA
240,SOTHEBY&#39;S,WUXIANG,CHINA
241,OM ASSET MANAGEMENT PLC,SLEMAN,INDONESIA
242,"COLONY NORTHSTAR, INC.",BABAKAN,INDONESIA
243,"ITERIS, INC.",UMAG,CROATIA
244,"KIMBALL ELECTRONICS, INC.",TUCUPITA,VENEZUELA
245,GRUPO AEROPORTUARIO DEL CENTRO NORTE S.A.B. DE C.V.,VARNA,SERBIA
246,FLOWSERVE CORPORATION,ULME,PORTUGAL
247,"SUNSTONE HOTEL INVESTORS, INC.",BI’R AL ḨUFAYY,TUNISIA
248,LIBERTY INTERACTIVE CORPORATION,SAN MIGUEL,MEXICO
249,"TIVITY HEALTH, INC.",ANDIR,INDONESIA
250,BROOKFIELD BUSINESS PARTNERS L.P.,YEBAISHOU,CHINA
251,MER TELEMANAGEMENT SOLUTIONS LTD.,MUBI,NIGERIA
252,"CENTRAL EUROPE, RUSSIA AND TURKEY FUND, INC. (THE)",HUNTINGTON,UNITED STATES
253,"ADVANCED ENERGY INDUSTRIES, INC.",SANDAOBA,CHINA
254,FEDERATED PREMIER INTERMEDIATE MUNICIPAL INCOME FUND,ANGERS,FRANCE
255,"G. WILLI-FOOD INTERNATIONAL,  LTD.",FTELIá,GREECE
256,HARRIS CORPORATION,VAVOUA,IVORY COAST
257,THE CHEESECAKE FACTORY INCORPORATED,ÁBIDOS,BRAZIL
258,NUVEEN QUALITY MUNICIPAL INCOME FUND,BUNGSUAN,PHILIPPINES
259,"SYKES ENTERPRISES, INCORPORATED",ANKAZONDANDY,MADAGASCAR
260,"INNOVATIVE SOLUTIONS AND SUPPORT, INC.",LUMIL,PHILIPPINES
261,ISHARES COMMODITIES SELECT STRATEGY ETF,VILA FRANCA DO CAMPO,PORTUGAL
262,"KBR, INC.",KALAMáTA,GREECE
263,BRIGHT SCHOLAR EDUCATION HOLDINGS LIMITED,KHYZY,AZERBAIJAN
264,CSX CORPORATION,KEBON,INDONESIA
265,"GLOBAL NET LEASE, INC.",PEGõES,PORTUGAL
266,"Q2 HOLDINGS, INC.",BEREZOVO,UKRAINE
267,MAGIC SOFTWARE ENTERPRISES LTD.,BORåS,SWEDEN
268,"CALATLANTIC GROUP, INC.",SADAO,THAILAND
269,QAD INC.,BANJAR BENGKELGEDE,INDONESIA
270,ADMA BIOLOGICS INC,BULONGJI,CHINA
271,AMERIS BANCORP,CHIGANG,CHINA
272,"ALEXANDER & BALDWIN HOLDINGS, INC.",SHAAMI-YURT,RUSSIA
273,"CLEARSIDE BIOMEDICAL, INC.",ESKILSTUNA,SWEDEN
274,WAVE LIFE SCIENCES LTD.,DONDO,MOZAMBIQUE
275,"U.S. SILICA HOLDINGS, INC.",DRAWNO,POLAND
276,"SOPHIRIS BIO, INC.",CHITUNGWIZA,ZIMBABWE
277,"GILEAD SCIENCES, INC.",ALMENARA,BRAZIL
278,"URANIUM RESOURCES, INC.",YAVNE,ISRAEL
279,"WESTELL TECHNOLOGIES, INC.",DOLNí POčERNICE,CZECH REPUBLIC
280,CORNING INCORPORATED,ZALAEGERSZEG,HUNGARY
281,ENSTAR GROUP LIMITED,ZHOINDA,CHINA
282,"VIKING THERAPEUTICS, INC.",TAPES,BRAZIL
283,ARLINGTON ASSET INVESTMENT CORP,BAYT ‘AWWā,PALESTINIAN TERRITORY
284,"ENGILITY HOLDINGS, INC.",LINDAVISTA,MEXICO
285,"GROUP 1 AUTOMOTIVE, INC.",KURAGAKI-KOSUGI,JAPAN
286,"GABELLI CONVERTIBLE AND INCOME SECURITIES FUND, INC. (THE)",SHISHAN,CHINA
287,PAR TECHNOLOGY CORPORATION,ANYAMA,IVORY COAST
288,"ANTHEM, INC.",LONGMENFAN,CHINA
289,GENERAL ELECTRIC CAPITAL CORPORATION,BAYZHANSAY,KAZAKHSTAN
290,"CARROLS RESTAURANT GROUP, INC.",ANYANG-SI,SOUTH KOREA
291,"SYNTHETIC FIXED-INCOME SECURITIES, INC.",MALIE,SAMOA
292,CALAMOS CONVERTIBLE OPPORTUNITIES AND INCOME FUND,HERONG,CHINA
293,"MIRNA THERAPEUTICS, INC.",BOUCINHAS,PORTUGAL
294,CONTROL4 CORPORATION,SAN ISIDRO,MEXICO
295,IMMUNE PHARMACEUTICALS INC.,DAZHAN,CHINA
296,CNA FINANCIAL CORPORATION,ERPING,CHINA
297,ADTALEM GLOBAL EDUCATION INC.,MELEKYNE,UKRAINE
298,CITY HOLDING COMPANY,VOUANI,COMOROS
299,"AMBAC FINANCIAL GROUP, INC.",KäVLINGE,SWEDEN
300,ROYAL BANK SCOTLAND PLC (THE),WATES,INDONESIA
301,CLEARSIGN COMBUSTION CORPORATION,PETERHOF,RUSSIA
302,"T-MOBILE US, INC.",LUKOU,CHINA
303,"TIER REIT, INC.",TRâU QUỳ,VIETNAM
304,CAMDEN PROPERTY TRUST,BUNGALALENG,INDONESIA
305,"ARGO GROUP INTERNATIONAL HOLDINGS, LTD.",SRUNI,INDONESIA
306,SIGNATURE BANK,STOCKHOLM,SWEDEN
307,NIELSEN N.V.,KIKINDA,SERBIA
308,"HSN, INC.",TEKELI,KAZAKHSTAN
309,RICEBRAN TECHNOLOGIES,SHELI,CHINA
310,EAGLE MATERIALS INC,STOCKHOLM,SWEDEN
311,"VASCO DATA SECURITY INTERNATIONAL, INC.",SAN RAFAEL ABAJO,COSTA RICA
312,"CRACKER BARREL OLD COUNTRY STORE, INC.",BILICENII VECHI,MOLDOVA
313,ELECTRUM SPECIAL ACQUISITION CORPORATION,SATUN,THAILAND
314,OXFORD IMMUNOTEC GLOBAL PLC,SANTIAGO DE LAS VEGAS,CUBA
315,"RENNOVA HEALTH, INC.",CAIRANI,PERU
316,BANK MUTUAL CORPORATION,BANJAR BIAS,INDONESIA
317,EASTERN COMPANY (THE),MEKARJAYA SATU,INDONESIA
318,"NORTHFIELD BANCORP, INC.",NAKATSUGAWA,JAPAN
319,CAESARS ENTERTAINMENT CORPORATION,ROSMANINHAL,PORTUGAL
320,FIRST TRUST EUROZONE ALPHADEX ETF,KOMMUNISTICHESKIY,RUSSIA
321,THE GDL FUND,AMIZMIZ,MOROCCO
322,FB FINANCIAL CORPORATION,FUMIN,CHINA
323,"PINNACLE FINANCIAL PARTNERS, INC.",DESHAN,CHINA
324,"EATON CORPORATION, PLC",IVRY-SUR-SEINE,FRANCE
325,"VOYA INFRASTRUCTURE, INDUSTRIALS AND MATERIALS FUND",TAYUM,PHILIPPINES
326,YINGLI GREEN ENERGY HOLDING COMPANY LIMITED,ABBOTTāBāD,PAKISTAN
327,"VIVEVE MEDICAL, INC.",EL LIMON,MEXICO
328,TCF FINANCIAL CORPORATION,SALCEDO,DOMINICAN REPUBLIC
329,"W.W. GRAINGER, INC.",LAC DU BONNET,CANADA
330,VTTI ENERGY PARTNERS LP,RAMARAM,INDONESIA
331,"SIERRA ONCOLOGY, INC.",HANAMAKI,JAPAN
332,"TESLA, INC. ",GRAKSOP,SOUTH AFRICA
333,BANK OF AMERICA CORPORATION,ZHONGXIAO,CHINA
334,MASIMO CORPORATION,SELAAWI,INDONESIA
335,MATLIN & PARTNERS ACQUISITION CORPORATION,GUYANCOURT,FRANCE
336,STATE STREET CORPORATION,EL PAISNAL,EL SALVADOR
337,SMTC CORPORATION,ŽIDLOCHOVICE,CZECH REPUBLIC
338,ALLSTATE CORPORATION (THE),POSHNJE,ALBANIA
339,POWERSHARES DWA EMERGING MARKETS MOMENTUM PORTFOLIO,AKOUPé,IVORY COAST
340,PIMCO INCOME STRATEGY FUND II,SERNOVODSK,RUSSIA
341,"GRAND CANYON EDUCATION, INC.",PONTAL,BRAZIL
342,"PNC FINANCIAL SERVICES GROUP, INC. (THE)",BEDAYUTALANG,INDONESIA
343,INTERCONTINENTAL EXCHANGE INC.,BACNOTAN,PHILIPPINES
344,"QEP RESOURCES, INC.",KULURAN,INDONESIA
345,FIRST HORIZON NATIONAL CORPORATION,MAJIANG,CHINA
346,QUICKLOGIC CORPORATION,MISKOLC,HUNGARY
347,IMAX CORPORATION,TIRLYANSKIY,RUSSIA
348,"CROSSROADS SYSTEMS, INC.",FILIPOWICE,POLAND
349,ENTERTAINMENT GAMING ASIA INCORPORATED,KINH MôN,VIETNAM
350,AEGON NV,VALKY,UKRAINE
351,JANUS HENDERSON SG GLOBAL QUALITY INCOME ETF,SANTO TOMé,ARGENTINA
352,"RUBICON TECHNOLOGY, INC.",GUDURICA,SERBIA
353,ARAMARK,ZHUANGSHI,CHINA
354,CRESCENT POINT ENERGY CORPORATION,NANTES,FRANCE
355,WHITESTONE REIT,LA SOLEDAD,MEXICO
356,"THE DIXIE GROUP, INC.",DASSA-ZOUMé,BENIN
357,GREIF BROS. CORPORATION,COTMON,PHILIPPINES
358,"BOJANGLES&#39;, INC.",QUICHUAY,PERU
359,"WILLIAMS-SONOMA, INC.",SENTUL,INDONESIA
360,NAVIENT CORPORATION,RANONG,THAILAND
361,EAGLE GROWTH AND INCOME OPPORTUNITIES FUND,OLESZYCE,POLAND
362,"EMCOR GROUP, INC.",DAPUCHAIHE,CHINA
363,"AMERISAFE, INC.",SAN MARIANO,PHILIPPINES
364,PARKER DRILLING COMPANY,TINGHIR,MOROCCO
365,"DIGITAL REALTY TRUST, INC.",BAHUANG,CHINA
366,MSCI INC,CURITí,COLOMBIA
367,"RLJ ENTERTAINMENT, INC.",KAMIENNA GóRA,POLAND
368,TORTOISE ENERGY INFRASTRUCTURE CORPORATION,COURTABOEUF,FRANCE
369,SAP SE,YUANQIAN,CHINA
370,ISTAR FINANCIAL INC.,ZHULEBINO,RUSSIA
371,INTEC PHARMA LTD.,BíLOVEC,CZECH REPUBLIC
372,VICTORYSHARES US 500 VOLATILITY WTD ETF,VäRMDö,SWEDEN
373,BURCON NUTRASCIENCE CORP,LAWONDA,INDONESIA
374,STANDEX INTERNATIONAL CORPORATION,BELLO,COLOMBIA
375,GLOBAL X SOCIAL MEDIA ETF,BOJADłA,POLAND
376,WESTAMERICA BANCORPORATION,CATOLé DO ROCHA,BRAZIL
377,"BIOMERICA, INC.",QUANYANG,CHINA
378,SANOFI,MAGONG,CHINA
379,GLOBAL PARTNER ACQUISITION CORP.,UZHHOROD,UKRAINE
380,MOVADO GROUP INC.,SADOV,CZECH REPUBLIC
381,WILLIS TOWERS WATSON PUBLIC LIMITED COMPANY,CANELA,BRAZIL
382,GRAHAM CORPORATION,GýTHEIO,GREECE
383,NATL WESTMINSTER PFD,KRIVODANOVKA,RUSSIA
384,HALLADOR ENERGY COMPANY,SASEBO,JAPAN
385,"AMERICAN ELECTRIC POWER COMPANY, INC.",POJOK,INDONESIA
386,CPFL ENERGIA S.A.,TSAGAAN-OWOO,MONGOLIA
387,"AMTRUST FINANCIAL SERVICES, INC.",KRALUPY NAD VLTAVOU,CZECH REPUBLIC
388,"JUNIPER NETWORKS, INC.",TALAVERA,PHILIPPINES
389,IRSA INVERSIONES Y REPRESENTACIONES S.A.,MATLANG,PHILIPPINES
390,ALLIANCE NATIONAL MUNICIPAL INCOME FUND INC,DAHAO,CHINA
391,"ARDELYX, INC.",PALI,INDONESIA
392,"TABLEAU SOFTWARE, INC.",JAGDAQI,CHINA
393,"PS BUSINESS PARKS, INC.",ABELHEIRA,PORTUGAL
394,"RAMBUS, INC.",KRAJAN,INDONESIA
395,HERSHEY COMPANY (THE),XIAOHE,CHINA
396,"WORTHINGTON INDUSTRIES, INC.",TALLAHASSEE,UNITED STATES
397,MATLIN & PARTNERS ACQUISITION CORPORATION,BESAH,INDONESIA
398,LIBERTY GLOBAL PLC,LICHENGDAO,CHINA
399,BRINK&#39;S COMPANY (THE),WANG NOI,THAILAND
400,"BLACKROCK MUNIHOLDINGS QUALITY FUND II, INC.",STRZELCE,POLAND
401,"ACADIA HEALTHCARE COMPANY, INC.",JIANGYIN,CHINA
402,ATRION CORPORATION,CARDAL,PORTUGAL
403,"CALLIDUS SOFTWARE, INC.",KALAHANG,INDONESIA
404,PROTECTIVE LIFE CORPORATION,HONGYI,CHINA
405,"EYEGATE PHARMACEUTICALS, INC.",KUALA TERENGGANU,MALAYSIA
406,INTERNATIONAL BUSINESS MACHINES CORPORATION,NEUZINA,SERBIA
407,"EQUITY BANCSHARES, INC.",ZHONGXIAO,CHINA
408,"BROADSOFT, INC.",KARANGNUNGGAL,INDONESIA
409,TWO HARBORS INVESTMENTS CORP,WUKU,CHINA
410,MGC DIAGNOSTICS CORPORATION,TIéBO,SENEGAL
411,CAPSTEAD MORTGAGE CORPORATION,ZARAGOZA,MEXICO
412,"CYS INVESTMENTS, INC.",DOLSK,POLAND
413,DEUTSCH BK CONTINGENT CAP TR V,NANSHAN,CHINA
414,HORIZON PHARMA PLC,AMBOVOMBE,MADAGASCAR
415,UNITED STATES CELLULAR CORPORATION,PAKURANGA,NEW ZEALAND
416,NATIONAL RESEARCH CORPORATION,LEONES,ARGENTINA
417,"WESBANCO, INC.",LOS ANDES,COLOMBIA
418,KEARNY FINANCIAL,ÅRJäNG,SWEDEN
419,GOGO INC.,AL MINYā,EGYPT
420,TOPBUILD CORP.,OXELöSUND,SWEDEN
421,URBAN EDGE PROPERTIES,TUOHUA,CHINA
422,KKR & CO. L.P.,MIGUEL PEREIRA,BRAZIL
423,"MORGAN STANLEY EMERGING MARKETS DOMESTIC DEBT FUND, INC.",OSLO,NORWAY
424,ALLIANCE CALIFORNIA MUNICIPAL INCOME FUND INC,SALFīT,PALESTINIAN TERRITORY
425,LINDSAY CORPORATION,SAINTE-MARTINE,CANADA
426,NCR CORPORATION,CHODóW,POLAND
427,HORACE MANN EDUCATORS CORPORATION,LAGOA,PORTUGAL
428,"SNYDER&#39;S-LANCE, INC.",BEI,INDONESIA
429,CAPITALA FINANCE CORP.,SHINGū,JAPAN
430,GRANITE CONSTRUCTION INCORPORATED,GAOQIAOLOU,CHINA
431,"ACELRX PHARMACEUTICALS, INC.",RIOFRíO,COLOMBIA
432,"INTERCEPT PHARMACEUTICALS, INC.",ZOMBA,MALAWI
433,FIRST TRUST NASDAQ CLEAN EDGE SMART GRID INFRASTRUCTURE INDEX ,KLIMAVICHY,BELARUS
434,MEDLEY CAPITAL CORPORATION,KLOANGPOPOT,INDONESIA
435,"SECOND SIGHT MEDICAL PRODUCTS, INC.",YUNXIAN CHENGGUANZHEN,CHINA
436,"CEMPRA, INC.",TRES ARROYOS,ARGENTINA
437,"BENEFICIAL BANCORP, INC.",TWANTE,MYANMAR
438,MONMOUTH REAL ESTATE INVESTMENT CORPORATION,PENDOLO,INDONESIA
439,"NUVEEN MUNICIPAL INCOME FUND, INC.",JUATUBA,BRAZIL
440,"LIFEPOINT HEALTH, INC.",CHENGHUANG,CHINA
441,SEMTECH CORPORATION,NAGBACALAN,PHILIPPINES
442,IRSA PROPIEDADES COMERCIALES S.A.,LEBEDINOVKA,KYRGYZSTAN
443,WELLS FARGO & COMPANY,MORGADOS,PORTUGAL
444,FIRST TRUST TAIWAN ALPHADEX FUND,KRUšEVO,CROATIA
445,OXBRIDGE RE HOLDINGS LIMITED,AROROY,PHILIPPINES
446,KKR & CO. L.P.,TROMSø,NORWAY
447,REALTY INCOME CORPORATION,NICASIO,PERU
448,"BMC STOCK HOLDINGS, INC.",AYANG-NI,NORTH KOREA
449,ASPEN INSURANCE HOLDINGS LIMITED,MŭGLIZH,BULGARIA
450,FRANKLIN UNIVERSAL TRUST,DOUENTZA,MALI
451,"TELEPHONE AND DATA SYSTEMS, INC.",LAGOS DA BEIRA,PORTUGAL
452,JENSYN ACQUISTION CORP.,SALT LAKE CITY,UNITED STATES
453,ARES CAPITAL CORPORATION,WENCESLAO ESCALANTE,ARGENTINA
454,SOTHERLY HOTELS LP,NEPOMUCENO,BRAZIL
455,"CAPITOL FEDERAL FINANCIAL, INC.",CAIGANGAN,PHILIPPINES
456,VICTORYSHARES INTERNATIONAL HIGH DIV VOLATILITY WTD ETF,NAZARJE,SLOVENIA
457,"DIGITAL REALTY TRUST, INC.",CODAJáS,BRAZIL
458,MEDLEY LLC,NORWALK,UNITED STATES
459,ENTERGY CORPORATION,CIPOLLETTI,ARGENTINA
460,PENNSYLVANIA REAL ESTATE INVESTMENT TRUST,NIEDERANVEN,LUXEMBOURG
461,"NET ELEMENT, INC.",SHōBARA,JAPAN
462,"HEIDRICK & STRUGGLES INTERNATIONAL, INC.",CATUJAL,PORTUGAL
463,"COLONY NORTHSTAR, INC.",LUDVIKA,SWEDEN
464,"ZYNERBA PHARMACEUTICALS, INC.",GULELUKE,CHINA
465,ATLANTICUS HOLDINGS CORPORATION,RāBIGH,SAUDI ARABIA
466,AMERISERV FINANCIAL INC.,AKKOL’,KAZAKHSTAN
467,"PEOPLE&#39;S UNITED FINANCIAL, INC.",EL COCUY,COLOMBIA
468,"AMERICAN EAGLE OUTFITTERS, INC.",RAZVANJE,SLOVENIA
469,"1347 PROPERTY INSURANCE HOLDINGS, INC.",MAGONG,CHINA
470,"HEARTLAND FINANCIAL USA, INC.",CANHESTROS,PORTUGAL
471,"FLEETCOR TECHNOLOGIES, INC.",QUIVILLA,PERU
472,"JONES ENERGY, INC.",HAD KOURT,MOROCCO
473,EATON VANCE TAX-ADVANTAGE GLOBAL DIVIDEND OPP,ÇLIRIM,ALBANIA
474,CVB FINANCIAL CORPORATION,BEIYUAN,CHINA
475,J P MORGAN CHASE & CO,XINZHA,CHINA
476,PHYSICIANS REALTY TRUST,FORT WAYNE,UNITED STATES
477,"SINO-GLOBAL SHIPPING AMERICA, LTD.",SAN FELIPE,PERU
478,INVESCO HIGH INCOME 2023 TARGET TERM FUND,KRISTIANSAND S,NORWAY
479,AMEDISYS INC,BAYT LīD,PALESTINIAN TERRITORY
480,NORTHWESTERN CORPORATION,MALAKAL,SOUTH SUDAN
481,"BOISE CASCADE, L.L.C.",NECHANICE,CZECH REPUBLIC
482,"IDERA PHARMACEUTICALS, INC.",SHAPING,CHINA
483,BARCLAYS INVERSE US TREASURY COMPOSITE ETN,MALINAW,PHILIPPINES
484,"GENMARK DIAGNOSTICS, INC.",MOJOREMBUN,INDONESIA
485,CIENA CORPORATION,BOBOWO,POLAND
486,"MANHATTAN BRIDGE CAPITAL, INC",SHUINAN,CHINA
487,"PGT INNOVATIONS, INC.",UTMāNZAI,PAKISTAN
488,ALPS/DORSEY WRIGHT SECTOR MOMENTUM ETF,MA’AO,CHINA
489,PRINCIPAL REAL ESTATE INCOME FUND,SAMPARNA,INDONESIA
490,MERCANTILE BANK CORPORATION,KERTAPURA,INDONESIA
491,IXYS CORPORATION,CIBEUREUM,INDONESIA
492,"OKTA, INC.",KARANGGEDANG,INDONESIA
493,BAXTER INTERNATIONAL INC.,LAS TEJERíAS,VENEZUELA
494,PRANA BIOTECHNOLOGY LTD,YIáNNOULI,GREECE
495,"AIR TRANSPORT SERVICES GROUP, INC",DALIANG,CHINA
496,"MONOGRAM RESIDENTIAL TRUST, INC.",BAIMA,CHINA
497,"TRONC, INC.",HAMHŭNG,NORTH KOREA
498,ZIONS BANCORPORATION,TIELOU,CHINA
499,"VISHAY PRECISION GROUP, INC.",CAKUNGSARI,INDONESIA
500,"FIRST US BANCSHARES, INC.",QING’AN,CHINA
501,"THE FIRST BANCSHARES, INC.",VELKý ÚJEZD,CZECH REPUBLIC
502,MEREDITH CORPORATION,BUENG KHONG LONG,THAILAND
503,"PATRICK INDUSTRIES, INC.",ARZAKAN,ARMENIA
504,ENSTAR GROUP LIMITED,TALL TAMR,SYRIA
505,"INSTEEL INDUSTRIES, INC.",GUIFENG,CHINA
506,"WELBILT, INC.",DUDCHANY,UKRAINE
507,VALE S.A.,YINGLONG,CHINA
508,DIANA SHIPPING INC.,SãO JOãO NEPOMUCENO,BRAZIL
509,INTEGER HOLDINGS CORPORATION,EL MARAñóN,HONDURAS
510,APARTMENT INVESTMENT AND MANAGEMENT COMPANY,CHENYANGZHAI,CHINA
511,"INTERPUBLIC GROUP OF COMPANIES, INC. (THE)",ŞAFWá,SAUDI ARABIA
512,FERRO CORPORATION,OCHOBO,NIGERIA
513,"RIGNET, INC.",PLATAGATA,PHILIPPINES
514,DUKE ENERGY CORPORATION,MYMENSINGH,BANGLADESH
515,BANK OF AMERICA CORPORATION,DZIKOWIEC,POLAND
516,"NOVUS THERAPEUTICS, INC.",WONOCOYO UTARA,INDONESIA
517,DIANA CONTAINERSHIPS INC.,XIJIAO,CHINA
518,FIRST TRUST RIVERFRONT DYNAMIC DEVELOPED INTERNATIONAL ETF,AMPARAFARAVOLA,MADAGASCAR
519,"DYCOM INDUSTRIES, INC.",CZARKóW,POLAND
520,ST. JOE COMPANY (THE),CHANGFENG,CHINA
521,VEDANTA  LIMITED,PEDRO SáNCHEZ,DOMINICAN REPUBLIC
522,UNIVERSAL CORPORATION,BANG PA-IN,THAILAND
523,BANCOLOMBIA S.A.,NEMA,RUSSIA
524,VELOCITYSHARES 3X LONG SILVER ETN,AYAVIRI,PERU
525,"FIRST COMMUNITY FINANCIAL PARTNERS, INC.",PERSEN,INDONESIA
526,"VISHAY PRECISION GROUP, INC.",DAL’NEYE KONSTANTINOVO,RUSSIA
527,"APOLLO ENDOSURGERY, INC.",SANTA CRUZ,MEXICO
528,"SIENTRA, INC.",SANQIAO,CHINA
529,NAVIENT CORPORATION,BARAYONG,PHILIPPINES
530,FARMERS CAPITAL BANK CORPORATION,RADOJEVO,SERBIA
531,"TIVITY HEALTH, INC.",LOANGMAKA,INDONESIA
532,"ECOLOGY AND ENVIRONMENT, INC.",SAN ANTONIO,PERU
533,BANK OF N.T. BUTTERFIELD & SON LIMITED (THE),MAO,CHAD
534,WINGSTOP INC.,BRAMPTON,CANADA
535,"SILVER SPRING NETWORKS, INC.",CUMADCAD,PHILIPPINES
536,MATRIX SERVICE COMPANY,NONG BUA DAENG,THAILAND
537,"EMERALD EXPOSITIONS EVENTS, INC.",LUSIGANG,CHINA
538,JONES LANG LASALLE INCORPORATED,PARIS LA DéFENSE,FRANCE
539,"TREEHOUSE FOODS, INC.",BLACK RIVER,JAMAICA
540,"M I ACQUISITIONS, INC.",THị TRấN NGảI GIAO,VIETNAM
541,SUPERCONDUCTOR TECHNOLOGIES INC.,SUKASADA,INDONESIA
542,"SUNOPTA, INC.",JARDIM DA SERRA,PORTUGAL
543,"CHOICE HOTELS INTERNATIONAL, INC.",EL REFUGIO,MEXICO
544,FIRST TRUST LARGE CAP VALUE ALPHADEX FUND,VOLOVETS,UKRAINE
545,FEDERAL SIGNAL CORPORATION,LOKEA,INDONESIA
546,"SMITH MICRO SOFTWARE, INC.",STYLíDA,GREECE
547,"EOG RESOURCES, INC.",RENHE,CHINA
548,UNITED STATES CELLULAR CORPORATION,TUMPANG SATU,INDONESIA
549,ARRAY BIOPHARMA INC.,BEICHAN,CHINA
550,"SPAR GROUP, INC.",SOCORRO,BRAZIL
551,AVX CORPORATION,RENNES,FRANCE
552,"COMMUNITY FIRST BANCSHARES, INC.",AL BAHLūLīYAH,SYRIA
553,"PRGX GLOBAL, INC.",JINCHENG,CHINA
554,LANDEC CORPORATION,PANDAT,INDONESIA
555,BIGLARI HOLDINGS INC.,CASAL,PORTUGAL
556,"OTONOMY, INC.",HERONG,CHINA
557,DEUTSCHE BANK AG,KRANDIL,INDONESIA
558,"TRIUMPH GROUP, INC.",HIGUEROTE,VENEZUELA
559,DUFF & PHELPS SELECT ENERGY MLP FUND INC.,LYUBYMIVKA,UKRAINE
560,"MOCON, INC.",YUNMENG CHENGGUANZHEN,CHINA
561,"O&#39;REILLY AUTOMOTIVE, INC.",KURUMAN,SOUTH AFRICA
562,WISDOMTREE STRATEGIC CORPORATE BOND FUND,PUMA,TANZANIA
563,"PS BUSINESS PARKS, INC.",TIAREI,FRENCH POLYNESIA
564,COMPASS DIVERSIFIED HOLDINGS,NüRNBERG,GERMANY
565,"INTERLINK ELECTRONICS, INC.",WAENENDA,INDONESIA
566,INTERXION HOLDING N.V.,TAIYANG,CHINA
567,"1-800 FLOWERS.COM, INC.",RANOT,THAILAND
568,VANGUARD RUSSELL 1000 ETF,VẠN GIÃ,VIETNAM
569,"MIDLAND STATES BANCORP, INC.",RíO CEBALLOS,ARGENTINA
570,"AEROJET ROCKETDYNE HOLDINGS, INC. ",BANYULEGI,INDONESIA
571,"ARC GROUP WORLDWIDE, INC.",BAN TALAT BUENG,THAILAND
572,"NEXTERA ENERGY, INC.",SANTO DOMINGO DE LOS COLORADOS,ECUADOR
573,MORGAN STANLEY,STOCKHOLM,SWEDEN
574,SAP SE,NIEYING,CHINA
575,"ASV HOLDINGS, INC.",NIñOS HEROES,MEXICO
576,DYNEGY INC.,SãO DOMINGOS DE RANA,PORTUGAL
577,FLAHERTY & CRUMRINE PREFERRED INCOME FUND INCORPORATED,PULONG GUBAT,PHILIPPINES
578,"HANWHA Q CELLS CO., LTD. ",BACNAR,PHILIPPINES
579,"FSB BANCORP, INC.",RADZISZóW,POLAND
580,"TENAX THERAPEUTICS, INC.",RUDNIKI,POLAND
581,"IMMUNOGEN, INC.",BOJAWA,INDONESIA
582,AC IMMUNE SA,HUAIKAN,CHINA
583,PUTNAM HIGH INCOME BOND FUND,YANQI,CHINA
584,"SCHNEIDER NATIONAL, INC.",HOUSTON,UNITED STATES
585,THE PROVIDENCE SERVICE CORPORATION,ZHELEZNODOROZHNYY,RUSSIA
586,PIMCO CORPORATE & INCOME OPPORTUNITY FUND,TAOYAO,CHINA
587,TRINSEO S.A.,KACA,INDONESIA
588,EATON VANCE SENIOR FLOATING-RATE FUND,ḨAWF,YEMEN
589,PIONEER MUNICIPAL HIGH INCOME TRUST,SAN VICENTE,PHILIPPINES
590,"DORMAN PRODUCTS, INC.",CREIL,FRANCE
591,"VISHAY PRECISION GROUP, INC.",MIAMI,UNITED STATES
592,"CENTURY CASINOS, INC.",MALAGA,SPAIN
593,"FORMFACTOR, INC.",SANTA HELENA DE GOIáS,BRAZIL
594,ORION ENGINEERED CARBONS S.A,KANDUN,CHINA
595,SIGNET JEWELERS LIMITED,FUWAYRIţ,QATAR
596,BRYN MAWR BANK CORPORATION,STRASBOURG,FRANCE
597,LAMAR ADVERTISING COMPANY,SIQU,CHINA
598,BLACKROCK MULTI-SECTOR INCOME TRUST,CARRAZEDA DE ANSIãES,PORTUGAL
599,FIRST TRUST NASDAQ CLEAN EDGE SMART GRID INFRASTRUCTURE INDEX ,NAAS,IRELAND
600,"PENNYMAC FINANCIAL SERVICES, INC.",TUMEN,CHINA
601,COMPANHIA DE SANEAMENTO BASICO DO ESTADO DE SAO PAULO - SABESP,LIAOZHONG,CHINA
602,DYNEGY INC.,WANGCHUANCHANG,CHINA
603,"ROKA BIOSCIENCE, INC.",BOGOR,INDONESIA
604,VICTORYSHARES INTERNATIONAL VOLATILITY WTD ETF,BOUCINHAS,PORTUGAL
605,"HAMILTON BANCORP, INC.",BAOLI,CHINA
606,"GLYCOMIMETICS, INC.",CATUMBELA,ANGOLA
607,ISHARES MSCI ACWI EX US INDEX FUND,KAMENJANE,MACEDONIA
608,GLATFELTER,PAYAO,PHILIPPINES
609,LOCKHEED MARTIN CORPORATION,BEIT HORON,ISRAEL
610,"AVID TECHNOLOGY, INC.",SANJIE,CHINA
611,WPCS INTERNATIONAL INCORPORATED,MAVINGOUNI,COMOROS
612,"BEBE STORES, INC.",INAWASHIRO,JAPAN
613,NEOPHOTONICS CORPORATION,TREMEMBé,BRAZIL
614,"TC PIPELINES, LP",LA‘L,AFGHANISTAN
615,FIDELITY NASDAQ COMPOSITE INDEX TRACKING STOCK,VERKHNIY LOMOV,RUSSIA
616,APOLLO COMMERCIAL REAL ESTATE FINANCE,MANUEL ROXAS,PHILIPPINES
617,"FUELCELL ENERGY, INC.",ALCA,PERU
618,"APPTIO, INC.",ARMAçãO,BRAZIL
619,"CONSOLIDATED COMMUNICATIONS HOLDINGS, INC.",HAENAM,SOUTH KOREA
620,"RA PHARMACEUTICALS, INC.",KALININAUL,RUSSIA
621,"FTD COMPANIES, INC.",WANGZUIZI,CHINA
622,BOSTON OMAHA CORPORATION,KALLITHéA,GREECE
623,CM FINANCE INC,LUDBREG,CROATIA
624,"EMERGENT BIOSOLUTIONS, INC.",TRéLAZé,FRANCE
625,"HAWAIIAN TELCOM HOLDCO, INC.",CASAL NOVO,PORTUGAL
626,PARK STERLING CORPORATION,KHARTSYZ’K,UKRAINE
627,"INDEPENDENT BANK GROUP, INC",CHILLáN,CHILE
628,"JAMES RIVER GROUP HOLDINGS, LTD.",NGROTO,INDONESIA
629,TUTOR PERINI CORPORATION,JELEUK,INDONESIA
630,AFLAC INCORPORATED,SAN PEDRO,BOLIVIA
631,CONCHO RESOURCES INC.,SHUINANXU,CHINA
632,"PAPA MURPHY&#39;S HOLDINGS, INC.",CHEKMAGUSH,RUSSIA
633,WASHINGTON PRIME GROUP INC.,GIF-SUR-YVETTE,FRANCE
634,ISTAR FINANCIAL INC.,BOHDALOV,CZECH REPUBLIC
635,ENERGEN CORPORATION,OGANLIMA,INDONESIA
636,"GRAVITY CO., LTD.",WAHAI,INDONESIA
637,"ITERIS, INC.",ABUT,PHILIPPINES
638,PENNSYLVANIA REAL ESTATE INVESTMENT TRUST,OVALLE,CHILE
639,"NEW YORK MORTGAGE TRUST, INC.",RUNGIS,FRANCE
640,PACIFIC DRILLING S.A.,KANDUN,CHINA
641,ISHARES MSCI EAFE ESG OPTIMIZED ETF,DATAN,CHINA
642,"THOR INDUSTRIES, INC.",ISHëM,ALBANIA
643,NATIONAL HOLDINGS CORPORATION,CORGO,PORTUGAL
644,"KCAP FINANCIAL, INC.",BUDAPEST,HUNGARY
645,AMERICAN HOMES 4 RENT,BEIJIE,CHINA
646,JOHN HANCOCK FINANCIAL OPPORTUNITIES FUND,CINCINNATI,UNITED STATES
647,ENZYMOTEC LTD.,MARIPIPI,PHILIPPINES
648,DENBURY RESOURCES INC.,YLIHäRMä,FINLAND
649,"AVNET, INC.",DHALIE,YEMEN
650,SAPIENS INTERNATIONAL CORPORATION N.V.,KARAMAT,INDONESIA
651,"PNC FINANCIAL SERVICES GROUP, INC. (THE)",TâN Kỳ,VIETNAM
652,AVISTA HEALTHCARE PUBLIC ACQUISITION CORP.,WETZLAR,GERMANY
653,CPS TECHNOLOGIES CORP.,ZARAGOZA,MEXICO
654,"WECAST NETWORK, INC.",KALDE PANGA,INDONESIA
655,"CRAFT BREW ALLIANCE, INC.",MANCAGAHAR,INDONESIA
656,CYTORI THERAPEUTICS INC,ESTARREJA,PORTUGAL
657,"FIVE9, INC.",WONOTIRTO,INDONESIA
658,CABCO SERIES 2004-101 TRUST,GAZIMURSKIY ZAVOD,RUSSIA
659,CLIFFS NATURAL RESOURCES INC.,TORREIRA,PORTUGAL
660,"PREFERRED APARTMENT COMMUNITIES, INC.",MENLOU’AO,CHINA
661,PLDT INC.,CHUANTANG,CHINA
662,F.N.B. CORPORATION,MENANGA,INDONESIA
663,PUBLIC STORAGE,AANISLAG,PHILIPPINES
664,"NASDAQ, INC.",PARDUBICE,CZECH REPUBLIC
665,CHESAPEAKE ENERGY CORPORATION,LIKWATANG TIMUR,INDONESIA
666,WESTLAKE CHEMICAL CORPORATION,GUGARK’,ARMENIA
667,BROWN FORMAN CORPORATION,NANSHUI,CHINA
668,"QCR HOLDINGS, INC.",TAYANG,CHINA
669,FUNCTION(X) INC.,PURO PINGET,PHILIPPINES
670,UNION BANKSHARES CORPORATION,ANTALAHA,MADAGASCAR
671,"HERMAN MILLER, INC.",SONLIT,INDONESIA
672,CARPENTER TECHNOLOGY CORPORATION,CHANGSHOU,CHINA
673,ALPINE TOTAL DYNAMIC DIVIDEND FUND,HUSKVARNA,SWEDEN
674,J P MORGAN CHASE & CO,Ранковце,MACEDONIA
675,"2U, INC.",PARIS 13,FRANCE
676,"CRYOLIFE, INC.",KIBOGA,UGANDA
677,PPLUS TRUST,BOGATYNIA,POLAND
678,"BOSTON BEER COMPANY, INC. (THE)",TOYAMA-SHI,JAPAN
679,"CBAK ENERGY TECHNOLOGY, INC.",ÖRGöN,MONGOLIA
680,RESOURCE CAPITAL CORP.,BUZDYAK,RUSSIA
681,"NANOSTRING TECHNOLOGIES, INC.",SUDO,INDONESIA
682,"AEVI GENOMIC MEDICINE, INC.",JINGDANG,CHINA
683,"KAYNE ANDERSON ENERGY TOTAL RETURN FUND, INC.",BUSINOVO,RUSSIA
684,BB&T CORPORATION,CAMARGO,BOLIVIA
685,"KERYX BIOPHARMACEUTICALS, INC.",AVEIRO,PORTUGAL
686,RADCOM LTD.,DATUAN,CHINA
687,INSULET CORPORATION,DABA,CHINA
688,ENTERGY CORPORATION,PETROVSKAYA,RUSSIA
689,"ATHENAHEALTH, INC.",MANDōL,AFGHANISTAN
690,SKYLINE MEDICAL INC.,AL QADMūS,SYRIA
691,PEAPACK-GLADSTONE FINANCIAL CORPORATION,TAGAPUL-AN,PHILIPPINES
692,DATAWATCH CORPORATION,BACAG,PHILIPPINES
693,VTTI ENERGY PARTNERS LP,KONTIOLAHTI,FINLAND
694,WESTERN ASSET GLOBAL CORPORATE DEFINED OPPORTUNITY FUND INC.,HOVORANY,CZECH REPUBLIC
695,BIOGEN INC.,SãO FILIPE,CAPE VERDE
696,MITEL NETWORKS CORPORATION,KALIASIN,INDONESIA
697,"SEACOR HOLDINGS, INC.",ALIAGA,PHILIPPINES
698,"PREMIER FINANCIAL BANCORP, INC.",BHAIRāHAWā,NEPAL
699,ENTERCOM COMMUNICATIONS CORPORATION,LESOGORSK,RUSSIA
700,AC IMMUNE SA,TIAONG,PHILIPPINES
701,TERRENO REALTY CORPORATION,TUOCHUAN,CHINA
702,ON SEMICONDUCTOR CORPORATION,POTCHEFSTROOM,SOUTH AFRICA
703,"KEY TECHNOLOGY, INC.",RIO PARDO,BRAZIL
704,TESORO CORPORATION,BUGANA,NIGERIA
705,"ADTRAN, INC.",CHIVILCOY,ARGENTINA
706,"INSTEEL INDUSTRIES, INC.",TUNGGULSARI,INDONESIA
707,"PLAINS GROUP HOLDINGS, L.P.",KOśCIELEC,POLAND
708,WESTLAKE CHEMICAL PARTNERS LP,SOVETSKAYA,RUSSIA
709,"GARTNER, INC.",BATKEN,KYRGYZSTAN
710,TUTTLE TACTICAL MANAGEMENT MULTI-STRATEGY INCOME ETF,BISCOITOS,PORTUGAL
711,FIRST TRUST CEF INCOME OPPORTUNITY ETF,GEREYKHANOVSKOYE,RUSSIA
712,MFS SPECIAL VALUE TRUST,CAVADAS,PORTUGAL
713,"ACORN INTERNATIONAL, INC.",MALLOW,IRELAND
714,"SUNSTONE HOTEL INVESTORS, INC.",VIDčE,CZECH REPUBLIC
715,CHIMERA INVESTMENT CORPORATION,PLANOVSKOYE,RUSSIA
716,"INOGEN, INC",TAOCHENG,CHINA
717,FIRST TRUST SENIOR LOAN FUND ETF,TEMRYUK,RUSSIA
718,CIT GROUP INC (DEL),KOVEL’,UKRAINE
719,BAYTEX ENERGY CORP,VäSTERHANINGE,SWEDEN
720,"ASCENA RETAIL GROUP, INC.",BIMA,INDONESIA
721,"HSN, INC.",ITáPOLIS,BRAZIL
722,MARRIOT VACATIONS WORLDWIDE CORPORATION,BUTTERWORTH,MALAYSIA
723,"DOMINION ENERGY MIDSTREAM PARTNERS, LP",SAN RAFAEL,PERU
724,EASTERLY ACQUISITION CORP.,STUDENEC,CZECH REPUBLIC
725,"JASON INDUSTRIES, INC.",BEIDAIHEHAIBIN,CHINA
726,"PLANET FITNESS, INC.",KAWAYAN,PHILIPPINES
727,GENPACT LIMITED,SPáRTI,GREECE
728,TELEFONICA SA,DONGSHANGEN,CHINA
729,MTGE INVESTMENT CORP.,GORNORECHENSKIY,RUSSIA
730,GABELLI DIVIDEND,HUANGLONG,CHINA
731,MATTHEWS INTERNATIONAL CORPORATION,KOROR TOWN,PALAU
732,ANNALY CAPITAL MANAGEMENT INC,LARAMATE,PERU
733,"PHI, INC.",ANTONY,FRANCE
734,"VALERITAS HOLDINGS, INC.",MONçãO,PORTUGAL
735,BABCOCK,GAGNOA,IVORY COAST
736,NEWFIELD EXPLORATION COMPANY,SHāHPUR,PAKISTAN
737,"NEXEO SOLUTIONS, INC.",SIOGUí ABAJO,PANAMA
738,GLOBAL X HEALTH & WELLNESS THEMATIC ETF,CARVALHAL DA AROEIRA,PORTUGAL
739,NATL WESTMINSTER PFD,BASHTANKA,UKRAINE
740,"BCE, INC.",LABANGKA SATU,INDONESIA
741,SEMICONDUCTOR  MANUFACTURING INTERNATIONAL CORPORATION,PAGARUšA,KOSOVO
742,STAAR SURGICAL COMPANY,KAIAMA,NIGERIA
743,"AFFILIATED MANAGERS GROUP, INC.",MOINHOS,PORTUGAL
744,"GABELLI CONVERTIBLE AND INCOME SECURITIES FUND, INC. (THE)",FENGCHAN,CHINA
745,CLEARBRIDGE ALL CAP GROWTH ETF,ZBąSZYń,POLAND
746,"NOVAN, INC.",ZAJEčAR,SERBIA
747,EATON VANCE SENIOR INCOME TRUST,WEETOMBO,INDONESIA
748,HALLADOR ENERGY COMPANY,JóZEFóW,POLAND
749,BRUNSWICK CORPORATION,VALENçA DO PIAUí,BRAZIL
750,ENDRA LIFE SCIENCES INC.,TROITSKIY,RUSSIA
751,"IMMUNOGEN, INC.",FROLOVO,RUSSIA
752,58.COM INC.,MENANGA,INDONESIA
753,"FRED&#39;S, INC.",BŭKA,UZBEKISTAN
754,CITIGROUP INC.,PAINE,CHILE
755,GENTHERM INC,ALEGRE,BRAZIL
756,MSG NETWORKS INC.,PUDOC NORTH,PHILIPPINES
757,BUNGE LIMITED,SANTIAGO DE MARíA,EL SALVADOR
758,"US ECOLOGY, INC.",CIKUDA,INDONESIA
759,"LM FUNDING AMERICA, INC.",CARCAVELOS,PORTUGAL
760,PUTNAM MANAGED MUNICIPAL INCOME TRUST,ZHONGCHUAN,CHINA
761,BBVA BANCO FRANCES S.A.,TANSHAN,CHINA
762,LCI INDUSTRIES ,DUWAKKANDUNG,INDONESIA
763,"UNITED-GUARDIAN, INC.",NAPOLI,ITALY
764,VANGUARD RUSSELL 1000 GROWTH ETF,DAYR SāMIT,PALESTINIAN TERRITORY
765,NUMEREX CORP.,CAXAMBU,BRAZIL
766,"QUINTILES IMS HOLDINGS, INC.",TAOYUAN,CHINA
767,UNIVERSAL CORPORATION,DORTMUND,GERMANY
768,BANK OF NEW YORK MELLON CORPORATION (THE),JELEUK,INDONESIA
769,WESTWOOD HOLDINGS GROUP INC,CISOMPET,INDONESIA
770,"AERIE PHARMACEUTICALS, INC.",ISSY-LES-MOULINEAUX,FRANCE
771,MECHEL PAO,KHáNH HảI,VIETNAM
772,"ZAYO GROUP HOLDINGS, INC.",PUERTO PLATA,DOMINICAN REPUBLIC
773,ASPEN INSURANCE HOLDINGS LIMITED,HUANGMU,CHINA
774,"LM FUNDING AMERICA, INC.",KANGXUNG,CHINA
775,BELDEN INC,TS’KHINVALI,GEORGIA
776,"AXOGEN, INC.",MATAM,SENEGAL
777,ALLSTATE CORPORATION (THE),XUANCHENG,CHINA
778,FIRST TRUST HIGH INCOME ETF,FREDERIKSBERG,DENMARK
779,PEREGRINE PHARMACEUTICALS INC.,VAGOS,PORTUGAL
780,"UNION BANKSHARES, INC.",TRONDHEIM,NORWAY
781,"KINGSTONE COMPANIES, INC",FUHAI,CHINA
782,CERECOR INC.,TANGHUA,CHINA
783,"DOUGLAS EMMETT, INC.",SAN FELIPE OLD,PHILIPPINES
784,CONVERGYS CORPORATION,AUSTRALIA SQUARE,AUSTRALIA
785,COMBIMATRIX CORPORATION,LUISIANA,PHILIPPINES
786,"VOYA INFRASTRUCTURE, INDUSTRIALS AND MATERIALS FUND",CHALON-SUR-SAôNE,FRANCE
787,VELOCITYSHARES 3X INVERSE GOLD ETN,BATUJARAN,INDONESIA
788,CELANESE CORPORATION,OLLANTAYTAMBO,PERU
789,"GUARANTY FEDERAL BANCSHARES, INC.",JEPONKRAJAN,INDONESIA
790,CAMECO CORPORATION,RIO DE JANEIRO,BRAZIL
791,RANDGOLD RESOURCES LIMITED,SAN RAFAEL,PHILIPPINES
792,"MERIDIAN BANCORP, INC.",MAPIRIPáN,COLOMBIA
793,"A. SCHULMAN, INC.",ARCOS,BRAZIL
794,"MID-AMERICA APARTMENT COMMUNITIES, INC.",SEMILUKI,RUSSIA
795,MONOTYPE IMAGING HOLDINGS INC.,SANTA ROSA DE LIMA,EL SALVADOR
796,E.I. DU PONT DE NEMOURS AND COMPANY,ESQUIPULAS PALO GORDO,GUATEMALA
797,"SUPERCOM, LTD.",PHULTALA,BANGLADESH
798,EMPLOYERS HOLDINGS INC,AQUIA,PERU
799,FIRST HORIZON NATIONAL CORPORATION,GAYNY,RUSSIA
800,PENNANTPARK FLOATING RATE CAPITAL LTD.,CZARNE,POLAND
801,LEGG MASON DEVELOPED EX-US DIVERSIFIED CORE ETF,ŠTORE,SLOVENIA
802,DULUTH HOLDINGS INC.,ROWOKANGKUNG,INDONESIA
803,"JACK HENRY & ASSOCIATES, INC.",ŠMARTNO PRI LITIJI,SLOVENIA
804,"CROCS, INC.",BIJAEPASU,INDONESIA
805,BROOKFIELD ASSET MANAGEMENT INC,KINKALA,REPUBLIC OF THE CONGO
806,"HCI GROUP, INC.",TANGIER,MOROCCO
807,CHESAPEAKE ENERGY CORPORATION,COQUITLAM,CANADA
808,ELECTRUM SPECIAL ACQUISITION CORPORATION,PARIPIRANGA,BRAZIL
809,TEEKAY OFFSHORE PARTNERS L.P.,KRASNYY OKTYABR’,RUSSIA
810,"TEMPLETON EMERGING MARKETS INCOME FUND, INC.",CHITAGá,COLOMBIA
811,SHENANDOAH TELECOMMUNICATIONS CO,HUANGXI,CHINA
812,B COMMUNICATIONS LTD.,HERRáN,COLOMBIA
813,FIRST TRUST MUNICIPAL CEF INCOME OPPORTUNITY ETF,KRZYżOWICE,POLAND
814,IPATH US TREASURY 5-YEAR BULL ETN,PUSHKIN,RUSSIA
815,ALCENTRA CAPITAL CORP.,HEREDIA,COSTA RICA
816,CINEMARK HOLDINGS INC,XILU,CHINA
817,GENIE ENERGY LTD.,POMAHUACA,PERU
818,ALAMOS GOLD INC.,DROHICZYN,POLAND
819,ATHENE HOLDING LTD.,SEONGNAM-SI,SOUTH KOREA
820,VALE S.A.,HUYUAN,CHINA
821,"CROSSROADS SYSTEMS, INC.",ŻABNICA,POLAND
822,"WATTS WATER TECHNOLOGIES, INC.",CIKOTOK,INDONESIA
823,JOHN HANCOCK FINANCIAL OPPORTUNITIES FUND,SILONGIN,PHILIPPINES
824,"SB FINANCIAL GROUP, INC.",BOHDALOV,CZECH REPUBLIC
825,BRADY CORPORATION,DONGTUAN,CHINA
826,RELX PLC,OSLO,NORWAY
827,"MCCORMICK & COMPANY, INCORPORATED",BOGO,CAMEROON
828,QWEST CORPORATION,FENGQIAO,CHINA
829,APPLIED DNA SCIENCES INC,AMPHOE SIKHIU,THAILAND
830,CHATHAM LODGING TRUST (REIT),BOKANI,NIGERIA
831,"TRI POINTE GROUP, INC.",SANTA MARIA,MEXICO
832,ALLIANCE NATIONAL MUNICIPAL INCOME FUND INC,DOROSLOVO,SERBIA
833,"COUNTY BANCORP, INC.",CHOUJIANG,CHINA
834,"BLUEKNIGHT ENERGY PARTNERS L.P., L.L.C.",YANGMINGBU,CHINA
835,BANK OF AMERICA CORPORATION,TOMINGAD,PHILIPPINES
836,"AMERICAN ELECTRIC TECHNOLOGIES, INC.",PASIRNANGKA,INDONESIA
837,ALTISOURCE PORTFOLIO SOLUTIONS S.A.,MāSāL,IRAN
838,EPR PROPERTIES,CHENGDONG,CHINA
839,CREDIT SUISSE AG,VALE DE ROLAS,PORTUGAL
840,"FIESTA RESTAURANT GROUP, INC.",SAN FERNANDO DEL VALLE DE CATAMARCA,ARGENTINA
841,TORO COMPANY (THE),SEL’TSO,RUSSIA
842,"PS BUSINESS PARKS, INC.",BERLIN,GERMANY
843,NUVECTRA CORPORATION,URPAY,PERU
844,"AEROHIVE NETWORKS, INC.",CHENāRāN,IRAN
845,"XG TECHNOLOGY, INC",WAKEFIELD,NEW ZEALAND
846,THE PROVIDENCE SERVICE CORPORATION,KRIKIL,INDONESIA
847,"ANTHERA PHARMACEUTICALS, INC.",MATAGUžI,MONTENEGRO
848,STELLAR ACQUISITION III INC.,XINJI,CHINA
849,"RE/MAX HOLDINGS, INC.",HRONOV,CZECH REPUBLIC
850,"LIBERTY EXPEDIA HOLDINGS, INC.",LAIXI,CHINA
851,"J.C. PENNEY COMPANY, INC. HOLDING COMPANY",BARENGKOK,INDONESIA
852,WASHINGTON PRIME GROUP INC.,‘ALāQAHDāRī GēLāN,AFGHANISTAN
853,SOUTHERN COMPANY (THE),LOEN,MARSHALL ISLANDS
854,ROCKET FUEL INC.,REBRIKHA,RUSSIA
855,"GOLDMAN SACHS GROUP, INC. (THE)",HīT,IRAQ
856,BSQUARE CORPORATION,CAPILLA DEL MONTE,ARGENTINA
857,"HAVERTY FURNITURE COMPANIES, INC.",KORBA,TUNISIA
858,"VENTAS, INC.",BAITAO,CHINA
859,"ENPHASE ENERGY, INC.",JELISAVAC,CROATIA
860,TEXAS INSTRUMENTS INCORPORATED,LISHU,CHINA
861,GOVERNMENT PROPERTIES INCOME TRUST,BATAN,PHILIPPINES
862,BLACKROCK INVESTMENT QUALITY MUNICIPAL TRUST INC. (THE),SANTULHãO,PORTUGAL
863,TRITON INTERNATIONAL LIMITED,PANGGUNGASRI,INDONESIA
864,"B. RILEY FINANCIAL, INC.",ITABERABA,BRAZIL
865,"DIGITAL REALTY TRUST, INC.",ONEGA,RUSSIA
866,"DIGITALGLOBE, INC",BATAMBAK,INDONESIA
867,"MERIDIAN WASTE SOLUTIONS, INC",JANOWICE,POLAND
868,"BROWN & BROWN, INC.",HEJIAPING,CHINA
869,KRATON CORPORATION,RēZEKNE,LATVIA
870,"BOSTON PROPERTIES, INC.",XIAN’AN,CHINA
871,"BARNES & NOBLE, INC.",ITOMAN,JAPAN
872,ZYNGA INC.,MIAOGOU,CHINA
873,"AMTRUST FINANCIAL SERVICES, INC.",BINJAI,INDONESIA
874,"CASELLA WASTE SYSTEMS, INC.",CANEDO,PORTUGAL
875,"NEUROTROPE, INC.",YINGSHOUYINGZI,CHINA
876,NUVEEN CALIFORNIA QUALITY MUNICIPAL INCOME FUND,PATHUM RATCHAWONGSA,THAILAND
877,DUKE ENERGY CORPORATION,KILLARNEY,CANADA
878,TELEFONICA SA,DABAO’ANZHEN,CHINA
879,"GREENBRIER COMPANIES, INC. (THE)",BANTARDAWA,INDONESIA
880,MACQUARIE/FIRST TRUST GLOBAL,GUANGHOU,CHINA
881,"SMART SAND, INC.",LITTLE CURRENT,CANADA
882,TCF FINANCIAL CORPORATION,CIHAUR,INDONESIA
883,INTRICON CORPORATION,HONGJIAGUAN,CHINA
884,"LUXOFT HOLDING, INC.",FASTOVETSKAYA,RUSSIA
885,"UNIFI, INC.",SIRINDHORN,THAILAND
886,FIRST MAJESTIC SILVER CORP.,GELEMSO,ETHIOPIA
887,"MAIDEN HOLDINGS, LTD.",PARIS 09,FRANCE
888,UNIVERSAL CORPORATION,DAZE,CHINA
889,RESEARCH FRONTIERS INCORPORATED,JINGYANG,CHINA
890,"MINERVA NEUROSCIENCES, INC",BOA VISTA,BRAZIL
891,"OLD LINE BANCSHARES, INC.",XIEXIONG,CHINA
892,VICOR CORPORATION,TERTER,AZERBAIJAN
893,"CASI PHARMACEUTICALS, INC.",PASANGGRAHAN,INDONESIA
894,"SOUND FINANCIAL BANCORP, INC.",PARIS 03,FRANCE
895,VANGUARD INTERMEDIATE-TERM CORPORATE BOND ETF,VOJKOVICE,CZECH REPUBLIC
896,ISHARES FTSE EPRA/NAREIT EUROPE INDEX FUND,YEOSU,SOUTH KOREA
897,TRIMAS CORPORATION,SAN MIGUEL DE TUCUMáN,ARGENTINA
898,FOAMIX PHARMACEUTICALS LTD.,FATUULAN,INDONESIA
899,ARMSTRONG WORLD INDUSTRIES INC,XIANYI,CHINA
900,ACADIA REALTY TRUST,SAN JOSE,UNITED STATES
901,"HERITAGE-CRYSTAL CLEAN, INC.",YOSHIDA-KASUGACHō,JAPAN
902,"PEARSON, PLC",KARANGSUMBER,INDONESIA
903,BANK OF AMERICA CORPORATION,VYSOčANY,CZECH REPUBLIC
904,"HELIX ENERGY SOLUTIONS GROUP, INC.",DALI,CHINA
905,FORMULA SYSTEMS (1985) LTD.,LAMEIRAS,PORTUGAL
906,HERSHA HOSPITALITY TRUST,IL’YA,BELARUS
907,"RPC, INC.",KARANGSARI,INDONESIA
908,NUVEEN ENHANCED MUNICIPAL VALUE FUND,SIDOMULYO,INDONESIA
909,BLACKROCK NEW YORK INVESTMENT QUALITY MUNICIPAL TRUST INC. (TH,CIKADUEN,INDONESIA
910,PIMCO GLOBAL STOCKSPLUS & INCOME FUND,HORODYSHCHE,UKRAINE
911,RENAISSANCERE HOLDINGS LTD.,MUHORONI,KENYA
912,TEEKAY OFFSHORE PARTNERS L.P.,CHERNYAKHOVSK,RUSSIA
913,"TETRA TECHNOLOGIES, INC.",BORDEAUX,FRANCE
914,PEBBLEBROOK HOTEL TRUST,DUWAYR RASLāN,SYRIA
915,"BIO-RAD LABORATORIES, INC.",LELA,INDONESIA
916,"RED ROCK RESORTS, INC.",CHONCHI,CHILE
917,"CHINA LODGING GROUP, LIMITED",TANAHGROGOT,INDONESIA
918,"HALOZYME THERAPEUTICS, INC.",VILYA,RUSSIA
919,"VERIFONE SYSTEMS, INC.",QARYAT AD DA‘īS,YEMEN
920,MEDALLION FINANCIAL CORP.,SANGUINHEIRA,PORTUGAL
921,QUEST DIAGNOSTICS INCORPORATED,YONGHE,CHINA
922,AIR LEASE CORPORATION,LIANG,INDONESIA
923,TIDEWATER INC.,KATOúNA,GREECE
924,"FREEPORT-MCMORAN, INC.",DIANG,CAMEROON
925,POWERSHARES OPTIMUM YIELD DIVERSIFIED COMMODITY STRATEGY NO K-,CARABAYLLO,PERU
926,STAAR SURGICAL COMPANY,MERKE,KAZAKHSTAN
927,PACIFIC GAS & ELECTRIC CO.,BACNOR EAST,PHILIPPINES
928,"TREEHOUSE FOODS, INC.",LINGDA,CHINA
929,POWERSHARES DWA MOMENTUM & LOW VOLATILITY ROTATION PORTFOLIO,DUBROVNIK,CROATIA
930,MEDIFAST INC,LIUZIKOU,CHINA
931,LEGG MASON DEVELOPED EX-US DIVERSIFIED CORE ETF,TIBIGAN,PHILIPPINES
932,JANUS HENDERSON SMALL CAP GROWTH ALPHA ETF,MOMBOK,INDONESIA
933,BLUESTAR TA-BIGITECH ISRAEL TECHNOLOGY ETF,ORANGE,FRANCE
934,EVERCORE PARTNERS INC,HONGMIAO,CHINA
935,NATIONSTAR MORTGAGE HOLDINGS INC.,UJUNGPANGKAH,INDONESIA
936,THE EXONE COMPANY,JATIPAMOR,INDONESIA
937,IPATH US TREASURY 5-YEAR BULL ETN,LAIRONJA,INDONESIA
938,JAPAN SMALLER CAPITALIZATION FUND INC,NGRECO,INDONESIA
939,AUTOBYTEL INC.,LAZARO CARDENAS,MEXICO
940,"INTERNATIONA FLAVORS & FRAGRANCES, INC.",KIYAWA,NIGERIA
941,CONCORDIA INTERNATIONAL CORP.,DAPHU,BHUTAN
942,VICTORYSHARES US DISCOVERY ENHANCED VOLATILITY WTD ETF,OTRADNYY,RUSSIA
943,MASTERCARD INCORPORATED,BURAO,SOMALIA
944,CALAMOS CONVERTIBLE AND HIGH INCOME FUND,A DOS CUNHADOS,PORTUGAL
945,LEAR CORPORATION,PITAL,COLOMBIA
946,ISHARES 20+ YEAR TREASURY BOND ETF,YUJING,CHINA
947,"ROPER TECHNOLOGIES, INC.",LICHENG,CHINA
948,"WORKHORSE GROUP, INC.",CHENGZIHE,CHINA
949,"AMTRUST FINANCIAL SERVICES, INC.",YELAN’,RUSSIA
950,TRANSALTA CORPORATION,PADOVA,ITALY
951,BROOKFIELD GLOBAL LISTED INFRASTRUCTURE INCOME FUND,KLATAKAN,INDONESIA
952,TWILIO INC.,MBAKé,SENEGAL
953,FORESTAR GROUP INC,HUANGCAOTUO,CHINA
954,FIRST TRUST CANADA ALPHADEX FUND,TALAWI,INDONESIA
955,"DIVERSIFIED RESTAURANT HOLDINGS, INC.",SA BOT,THAILAND
956,"VENTAS REALTY, LIMITED PARTNERSHIP // VENTAS CAPITAL CORPORATI",ALMOíNHAS VELHAS,PORTUGAL
957,CARPENTER TECHNOLOGY CORPORATION,XINLONG,CHINA
958,"FIRST CONNECTICUT BANCORP, INC.",ÝDRA,GREECE
959,INFOSYS LIMITED,ANSHAN,CHINA
960,MACQUARIE/FIRST TRUST GLOBAL,RATTANAWAPI,THAILAND
961,UNIFIRST CORPORATION,BEPPU,JAPAN
962,"ATHERSYS, INC.",MISKOLC,HUNGARY
963,DECKERS OUTDOOR CORPORATION,BENDO,INDONESIA
964,"MITCHAM INDUSTRIES, INC.",UST’-ILIMSK,RUSSIA
965,PROPETRO HOLDING CORP.,KOMORO,JAPAN
966,THE JOINT CORP.,BURIRAM,THAILAND
967,"A-MARK PRECIOUS METALS, INC.",CURAHKLAPA,INDONESIA
968,CRANE COMPANY,TWANTE,MYANMAR
969,"PRGX GLOBAL, INC.",HYATTSVILLE,UNITED STATES
970,CARVANA CO.,AL BAWīţī,EGYPT
971,CABOT OIL & GAS CORPORATION,VINCES,ECUADOR
972,TIME WARNER INC.,TROIS-RIVIèRES,CANADA
973,"GLOBAL WATER RESOURCES, INC.",XIALAXIU,CHINA
974,UTSTARCOM HOLDINGS CORP,POVAROVO,RUSSIA
975,VELOCITYSHARES 3X LONG GOLD ETN,YAROSLAVSKIY,RUSSIA
976,QWEST CORPORATION,HERRERA,ARGENTINA
977,WEYERHAEUSER COMPANY,OSYPENKO,UKRAINE
978,ARADIGM CORPORATION,SELASARI,INDONESIA
979,STELLAR ACQUISITION III INC.,SONGPING,CHINA
980,"SYNTHESIS ENERGY SYSTEMS, INC.",CIPATUJAH,INDONESIA
981,CHEMICAL FINANCIAL CORPORATION,KIPEN’,RUSSIA
982,"INNOPHOS HOLDINGS, INC.",AR RUḩAYBAH,SYRIA
983,VORNADO REALTY TRUST,SPANISH TOWN,JAMAICA
984,"DOLLAR TREE, INC.",AIMORéS,BRAZIL
985,"SPARK ENERGY, INC.",GUáPILES,COSTA RICA
986,RAND CAPITAL CORPORATION,ŽIHLE,CZECH REPUBLIC
987,"MODEL N, INC.",HELSINGBORG,SWEDEN
988,"MVC CAPITAL, INC.",PALYKAVICHY PYERSHYYA,BELARUS
989,ENTEGRA FINANCIAL CORP.,LYUBERTSY,RUSSIA
990,"PROLOGIS, INC.",HUOGEZHUANG,CHINA
991,MACERICH COMPANY (THE),KHUZDāR,PAKISTAN
992,CYTRX CORPORATION,BANJAR BALEAGUNG,INDONESIA
993,STATOIL ASA,COCKBURN TOWN,TURKS AND CAICOS ISLANDS
994,FIRST BANCORP,CHãO,PORTUGAL
995,"HUBSPOT, INC.",BARANUSA,INDONESIA
996,"MANITOWOC COMPANY, INC. (THE)",MACHINGA,MALAWI
997,"ROYCE MICRO-CAP TRUST, INC.",ORITA ERUWA,NIGERIA
998,VANGUARD TOTAL INTERNATIONAL BOND ETF,MEILONG,CHINA
999,EATON VANCE SHORT DIVERSIFIED INCOME FUND,MAINTANG,CHINA
1000,AQUAVENTURE HOLDINGS LIMITED,MERCEDES,ARGENTINA
